INSERT INTO cities (name)
VALUES ('New York City'), ('Buffalo'), ('Rochester'), ('Yonkers'), ('Syracuse'), ('Albany'),('New Rochelle'), ('Long Beach');


INSERT INTO users (user_name, city_name, city_id, first_name, last_name, pic, skill)
VALUES
    ('Silvershadow','New York City',1,'Elizabeth', 'Stanley', 'https://storage.googleapis.com/hatchways-app.appspot.com/assessments/data/frontend/images/voluptasdictablanditiis.jpg','Crotcheting'),
    ('StarGazer23','Buffalo',2,'Rosy', 'Hernandez', 'https://storage.googleapis.com/hatchways-app.appspot.com/assessments/data/frontend/images/voluptasautreprehenderit.jpg', 'Cooking'),
    ('ElectricP','Rochester',3, 'Avery', 'P', 'https://storage.googleapis.com/hatchways-app.appspot.com/assessments/data/frontend/images/aspernaturnonsapiente.jpg', 'Arts/Crafts'),
    ('MoonlightW','Yonkers',4,'Ashley','H', 'https://storage.googleapis.com/hatchways-app.appspot.com/assessments/data/frontend/images/autautdeserunt.jpg', 'Music'),
    ('NeonSW','Syracuse',5,'Neo', 'Hannes', 'https://storage.googleapis.com/hatchways-app.appspot.com/assessments/data/frontend/images/consequaturdelectusquis.jpg', 'Photography'),
    ('MysticScribe','Albany',6,'Janet', 'Lowes', 'https://storage.googleapis.com/hatchways-app.appspot.com/assessments/data/frontend/images/autautdeserunt.jpg', 'Reading'),
    ('FireflyDream','New Rochelle',7, 'Raven', 'Escober', 'https://storage.googleapis.com/hatchways-app.appspot.com/assessments/data/frontend/images/utquamut.jpg', 'Music'),
    ('QuantumJester','Long Beach',8,'Ricardo', 'Tu', 'https://storage.googleapis.com/hatchways-app.appspot.com/assessments/data/frontend/images/nesciuntrerumlibero.jpg', 'Planting'),
    ('CosmicExplorer','Long Beach',8,'Arthor', 'Winofred', 'https://storage.googleapis.com/hatchways-app.appspot.com/assessments/data/frontend/images/autemporroplaceat.jpg', 'Photography'),
    ('VelvetVoy', 'Long Beach',8, 'Benny', 'Bragg', 'https://storage.googleapis.com/hatchways-app.appspot.com/assessments/data/frontend/images/doloribusquitempora.jpg', 'Cooking'),
    ('Serene12','Albany',6,'Francine', 'Lopez', 'https://storage.googleapis.com/hatchways-app.appspot.com/assessments/data/frontend/images/utquamut.jpg', 'Crotcheting'),
    ('Solar','New York City',1,'Celina', 'Cruz', 'https://storage.googleapis.com/hatchways-app.appspot.com/assessments/data/frontend/images/enimpariaturoptio.jpg', 'Arts/Crafts'),
    ('Midnight90','Buffalo',2,'David', 'Frater', 'https://storage.googleapis.com/hatchways-app.appspot.com/assessments/data/frontend/images/aspernaturnonsapiente.jpg', 'Reading'),
    ('EnigmaEagle','Syracuse',5,'Joan', 'Lorenzo', 'https://storage.googleapis.com/hatchways-app.appspot.com/assessments/data/frontend/images/nonipsaet.jpg', 'Music'),
    ('AuroraSK','Rochester',3,'Velma', 'Brown', 'https://storage.googleapis.com/hatchways-app.appspot.com/assessments/data/frontend/images/voluptasdictablanditiis.jpg', 'Planting'),
    ('SolarFlare','New York City',1,'Carol', 'Jack', 'https://storage.googleapis.com/hatchways-app.appspot.com/assessments/data/frontend/images/utquamut.jpg', 'Photography'),
    ('EchoSport','Yonkers',4,'Jennifer', 'Rodriguez', 'https://storage.googleapis.com/hatchways-app.appspot.com/assessments/data/frontend/images/enimpariaturoptio.jpg', 'Sports'),
    ('NebulaNomad','New Rochelle',7,'Xavier', 'Montanna', 'https://storage.googleapis.com/hatchways-app.appspot.com/assessments/data/frontend/images/velitnonquibusdam.jpg','Arts/Crafts'),
    ('Radiant78','Buffalo',2,'Luis', 'Smith', 'https://storage.googleapis.com/hatchways-app.appspot.com/assessments/data/frontend/images/remtemporavelit.jpg', 'Sports'),
    ('Ember53','Syracuse',5,'Bryana', 'Miller', 'https://storage.googleapis.com/hatchways-app.appspot.com/assessments/data/frontend/images/etporroalias.jpg', 'Cooking'),
    ('Pheonix','Yonkers',4,'Kai', 'Jones', 'https://storage.googleapis.com/hatchways-app.appspot.com/assessments/data/frontend/images/velitnonquibusdam.jpg', 'Crotchet'),
    ('ShadowFrost','Buffalo',2,'Adam','Williams', 'https://storage.googleapis.com/hatchways-app.appspot.com/assessments/data/frontend/images/delenitiestdolorum.jpg', 'Fitness'),
    ('KristalCraft','Rochester',3,'Krysta', 'Johnson', 'https://storage.googleapis.com/hatchways-app.appspot.com/assessments/data/frontend/images/sitlaborecorrupti.jpg', 'Fitness'),
    ('DreamBiker','New York City',1,'Olivia', 'White', 'https://storage.googleapis.com/hatchways-app.appspot.com/assessments/data/frontend/images/dolordoloremassumenda.jpg', 'Biking'),
    ('OceanicOracle','Albany',6,'Kevin', 'Anderson', 'https://storage.googleapis.com/hatchways-app.appspot.com/assessments/data/frontend/images/sitlaborecorrupti.jpg', 'Swimming');

INSERT INTO photos (user_id, photo)
    VALUES
    (1,'https://images.unsplash.com/photo-1584992236310-6edddc08acff?ixlib=rb-4.0.3&ixid=M3wxMjA3fDB8MHxzZWFyY2h8OHx8aG9iYmllc3xlbnwwfHwwfHx8MA%3D%3D&auto=format&fit=crop&w=800&q=60'),
    (1,'https://media.istockphoto.com/id/1128343736/photo/close-up-on-womans-hands-knitting.webp?b=1&s=170667a&w=0&k=20&c=pu1XIe50PYK8ckKS0YdZ-TcBo0Pu2Q7RKdRF0sl695o='),
    (1,'https://images.unsplash.com/photo-1618574760337-2750f6251d20?ixlib=rb-4.0.3&ixid=M3wxMjA3fDB8MHxzZWFyY2h8NzJ8fGhvYmJpZXN8ZW58MHx8MHx8fDA%3D&auto=format&fit=crop&w=800&q=60'),
    (1,'https://images.unsplash.com/photo-1612016369369-cb4c9f480d70?ixlib=rb-4.0.3&ixid=M3wxMjA3fDB8MHxzZWFyY2h8OTJ8fGhvYmJpZXN8ZW58MHx8MHx8fDA%3D&auto=format&fit=crop&w=800&q=60'),
    (1,'https://images.unsplash.com/photo-1606036136720-319e95f475fe?ixlib=rb-4.0.3&ixid=M3wxMjA3fDB8MHxzZWFyY2h8MTEyfHxob2JiaWVzfGVufDB8fDB8fHww&auto=format&fit=crop&w=800&q=60'),
    (1,'https://plus.unsplash.com/premium_photo-1675799551749-9cbabc39cca2?ixlib=rb-4.0.3&ixid=M3wxMjA3fDB8MHxzZWFyY2h8Mjk1fHxob2JiaWVzfGVufDB8fDB8fHww&auto=format&fit=crop&w=800&q=60'),
    (1,'https://images.unsplash.com/photo-1660733101174-6780c42b4a6a?ixlib=rb-4.0.3&ixid=M3wxMjA3fDB8MHxzZWFyY2h8Mjk0fHxob2JiaWVzfGVufDB8fDB8fHww&auto=format&fit=crop&w=800&q=60'),
    (1,'https://images.unsplash.com/photo-1632649027900-389e810204e6?ixlib=rb-4.0.3&ixid=M3wxMjA3fDB8MHxzZWFyY2h8M3x8a25pdHRpbmd8ZW58MHx8MHx8fDA%3D&auto=format&fit=crop&w=1400&q=60'),
    (2,'https://images.unsplash.com/photo-1610558128766-64f6b95ba135?ixlib=rb-4.0.3&ixid=M3wxMjA3fDB8MHxzZWFyY2h8MTV8fGhvYmJpZXN8ZW58MHx8MHx8fDA%3D&auto=format&fit=crop&w=800&q=60'),
    (2,'https://images.unsplash.com/photo-1613939490799-4a500f7120b7?ixlib=rb-4.0.3&ixid=M3wxMjA3fDB8MHxzZWFyY2h8ODh8fGhvYmJpZXN8ZW58MHx8MHx8fDA%3D&auto=format&fit=crop&w=800&q=60'),
    (2,'https://images.unsplash.com/photo-1613939490395-5010f8436ea3?ixlib=rb-4.0.3&ixid=M3wxMjA3fDB8MHxzZWFyY2h8MjczfHxob2JiaWVzfGVufDB8fDB8fHww&auto=format&fit=crop&w=800&q=60'),
    (2,'https://plus.unsplash.com/premium_photo-1664283229621-794dec382c4b?ixlib=rb-4.0.3&ixid=M3wxMjA3fDB8MHxzZWFyY2h8MXx8Y29va2luZ3xlbnwwfHwwfHx8MA%3D%3D&auto=format&fit=crop&w=1400&q=60'),
    (2,'https://images.unsplash.com/photo-1514986888952-8cd320577b68?ixlib=rb-4.0.3&ixid=M3wxMjA3fDB8MHxwaG90by1wYWdlfHx8fGVufDB8fHx8fA%3D%3D&auto=format&fit=crop&w=1476&q=80'),
    (2,'https://images.unsplash.com/photo-1556911220-dabc1f02913a?ixlib=rb-4.0.3&ixid=M3wxMjA3fDB8MHxwaG90by1yZWxhdGVkfDR8fHxlbnwwfHx8fHw%3D&auto=format&fit=crop&w=700&q=60'),
    (2,'https://images.unsplash.com/31/RpgvvtYAQeqAIs1knERU_vegetables.jpg?ixlib=rb-4.0.3&ixid=M3wxMjA3fDB8MHxwaG90by1yZWxhdGVkfDV8fHxlbnwwfHx8fHw%3D&auto=format&fit=crop&w=700&q=60'),
    (2,'https://plus.unsplash.com/premium_photo-1663126949923-0923b4217c90?ixlib=rb-4.0.3&ixid=M3wxMjA3fDB8MHxwaG90by1yZWxhdGVkfDh8fHxlbnwwfHx8fHw%3D&auto=format&fit=crop&w=700&q=60'),
    (3,'https://images.unsplash.com/photo-1619194999378-762462c38ab4?ixlib=rb-4.0.3&ixid=M3wxMjA3fDB8MHxzZWFyY2h8MTh8fGhvYmJpZXN8ZW58MHx8MHx8fDA%3D&auto=format&fit=crop&w=800&q=60'),
    (3,'https://images.unsplash.com/photo-1522410818928-5522dacd5066?ixlib=rb-4.0.3&ixid=M3wxMjA3fDB8MHxzZWFyY2h8M3x8aG9iYmllc3xlbnwwfHwwfHx8MA%3D%3D&auto=format&fit=crop&w=800&q=60'),
    (3,'https://images.unsplash.com/photo-1593037515490-c4d56a9ff5ff?ixlib=rb-4.0.3&ixid=M3wxMjA3fDB8MHxzZWFyY2h8Mnx8aG9iYmllc3xlbnwwfHwwfHx8MA%3D%3D&auto=format&fit=crop&w=800&q=60'),
    (3,'https://images.unsplash.com/photo-1614522407266-ad3c5fa6bc24?ixlib=rb-4.0.3&ixid=M3wxMjA3fDB8MHxzZWFyY2h8MzN8fGhvYmJpZXN8ZW58MHx8MHx8fDA%3D&auto=format&fit=crop&w=800&q=60'),
    (3,'https://images.unsplash.com/photo-1615733557596-4d144302d783?ixlib=rb-4.0.3&ixid=M3wxMjA3fDB8MHxzZWFyY2h8MzV8fGhvYmJpZXN8ZW58MHx8MHx8fDA%3D&auto=format&fit=crop&w=800&q=60'),
    (3,'https://images.unsplash.com/photo-1568149537277-4daf47b8a6dd?ixlib=rb-4.0.3&ixid=M3wxMjA3fDB8MHxzZWFyY2h8MzZ8fGhvYmJpZXN8ZW58MHx8MHx8fDA%3D&auto=format&fit=crop&w=800&q=60'),
    (3,'https://images.unsplash.com/photo-1550001437-281dcb39e26d?ixlib=rb-4.0.3&ixid=M3wxMjA3fDB8MHxzZWFyY2h8NzB8fGhvYmJpZXN8ZW58MHx8MHx8fDA%3D&auto=format&fit=crop&w=800&q=60'),
    (3,'https://images.unsplash.com/photo-1574291814206-363acdf2aa79?ixlib=rb-4.0.3&ixid=M3wxMjA3fDB8MHxzZWFyY2h8NzV8fGhvYmJpZXN8ZW58MHx8MHx8fDA%3D&auto=format&fit=crop&w=800&q=60'),
    (4,'https://media.istockphoto.com/id/1413084649/photo/ready-to-party-cheerful-asian-female-woman-signing-joy-fun-toothy-smile-big-laugh-wearing.webp?b=1&s=170667a&w=0&k=20&c=wbelCkBkRGUM9cfMOU-PpWJuj_KbaOjhH01aITfmPBc='),
    (4,'https://images.unsplash.com/photo-1547357812-4a336d835928?ixlib=rb-4.0.3&ixid=M3wxMjA3fDB8MHxzZWFyY2h8NHx8aG9iYmllc3xlbnwwfHwwfHx8MA%3D%3D&auto=format&fit=crop&w=800&q=60'),
    (4,'https://images.unsplash.com/photo-1590088285300-e236300b7f99?ixlib=rb-4.0.3&ixid=M3wxMjA3fDB8MHxzZWFyY2h8NTJ8fGhvYmJpZXN8ZW58MHx8MHx8fDA%3D&auto=format&fit=crop&w=800&q=60'),
    (4,'https://images.unsplash.com/photo-1666078056875-2ae542f936c8?ixlib=rb-4.0.3&ixid=M3wxMjA3fDB8MHxzZWFyY2h8MjIxfHxob2JiaWVzfGVufDB8fDB8fHww&auto=format&fit=crop&w=800&q=60'),
    (4,'https://images.unsplash.com/photo-1507838153414-b4b713384a76?ixlib=rb-4.0.3&ixid=M3wxMjA3fDB8MHxzZWFyY2h8M3x8bXVzaWN8ZW58MHx8MHx8fDA%3D&auto=format&fit=crop&w=1400&q=60'),
    (4,'https://images.unsplash.com/photo-1487180144351-b8472da7d491?ixlib=rb-4.0.3&ixid=M3wxMjA3fDB8MHxzZWFyY2h8MTZ8fG11c2ljfGVufDB8fDB8fHww&auto=format&fit=crop&w=1400&q=60'),
    (4,'https://plus.unsplash.com/premium_photo-1670252341725-757fc439bf62?ixlib=rb-4.0.3&ixid=M3wxMjA3fDB8MHxzZWFyY2h8MjV8fG11c2ljfGVufDB8fDB8fHww&auto=format&fit=crop&w=1400&q=60'),
    (4,'https://images.unsplash.com/photo-1514320291840-2e0a9bf2a9ae?ixlib=rb-4.0.3&ixid=M3wxMjA3fDB8MHxzZWFyY2h8Mzh8fG11c2ljfGVufDB8fDB8fHww&auto=format&fit=crop&w=1400&q=60'),
    (5,'https://images.unsplash.com/photo-1533647046292-0187d1d2c978?ixlib=rb-4.0.3&ixid=M3wxMjA3fDB8MHxzZWFyY2h8MTZ8fGhvYmJpZXN8ZW58MHx8MHx8fDA%3D&auto=format&fit=crop&w=800&q=60'),
    (5,'https://images.unsplash.com/photo-1532272278764-53cd1fe53f72?ixlib=rb-4.0.3&ixid=M3wxMjA3fDB8MHxzZWFyY2h8NXx8aG9iYmllc3xlbnwwfHwwfHx8MA%3D%3D&auto=format&fit=crop&w=800&q=60'),
    (5,'https://images.unsplash.com/photo-1617478900548-7a7032f86aa0?ixlib=rb-4.0.3&ixid=M3wxMjA3fDB8MHxzZWFyY2h8Mjh8fGhvYmJpZXN8ZW58MHx8MHx8fDA%3D&auto=format&fit=crop&w=800&q=60'),
    (5,'https://images.unsplash.com/photo-1622493379704-578857ee8fb8?ixlib=rb-4.0.3&ixid=M3wxMjA3fDB8MHxzZWFyY2h8NDB8fGhvYmJpZXN8ZW58MHx8MHx8fDA%3D&auto=format&fit=crop&w=800&q=60'),
    (5,'https://images.unsplash.com/photo-1578312625882-ef79a15b1fa0?ixlib=rb-4.0.3&ixid=M3wxMjA3fDB8MHxzZWFyY2h8NDd8fGhvYmJpZXN8ZW58MHx8MHx8fDA%3D&auto=format&fit=crop&w=800&q=60'),
    (5,'https://images.unsplash.com/photo-1578667343051-ff8c81d04408?ixlib=rb-4.0.3&ixid=M3wxMjA3fDB8MHxzZWFyY2h8NTF8fGhvYmJpZXN8ZW58MHx8MHx8fDA%3D&auto=format&fit=crop&w=800&q=60'),
    (5,'https://images.unsplash.com/photo-1553428822-29642ee8cd9b?ixlib=rb-4.0.3&ixid=M3wxMjA3fDB8MHxzZWFyY2h8NTN8fGhvYmJpZXN8ZW58MHx8MHx8fDA%3D&auto=format&fit=crop&w=800&q=60'),
    (5,'https://images.unsplash.com/photo-1606004901072-e55171962cf0?ixlib=rb-4.0.3&ixid=M3wxMjA3fDB8MHxzZWFyY2h8MTE5fHxob2JiaWVzfGVufDB8fDB8fHww&auto=format&fit=crop&w=800&q=60'),
    (6,'https://images.unsplash.com/photo-1567629733542-916a5af7e72a?ixlib=rb-4.0.3&ixid=M3wxMjA3fDB8MHxzZWFyY2h8MTd8fGhvYmJpZXN8ZW58MHx8MHx8fDA%3D&auto=format&fit=crop&w=800&q=60'),
    (6,'https://plus.unsplash.com/premium_photo-1663013216853-2cd727c3f46f?ixlib=rb-4.0.3&ixid=M3wxMjA3fDB8MHxzZWFyY2h8MTN8fGhvYmJpZXN8ZW58MHx8MHx8fDA%3D&auto=format&fit=crop&w=800&q=60'),
    (6,'https://images.unsplash.com/photo-1495175448924-1d9a30c90a42?ixlib=rb-4.0.3&ixid=M3wxMjA3fDB8MHxzZWFyY2h8MTJ8fGhvYmJpZXN8ZW58MHx8MHx8fDA%3D&auto=format&fit=crop&w=800&q=60'),
    (6,'https://images.unsplash.com/photo-1531501410720-c8d437636169?ixlib=rb-4.0.3&ixid=M3wxMjA3fDB8MHxzZWFyY2h8NDh8fGhvYmJpZXN8ZW58MHx8MHx8fDA%3D&auto=format&fit=crop&w=800&q=60'),
    (6,'https://images.unsplash.com/photo-1627142569447-d9d0d78ddbb0?ixlib=rb-4.0.3&ixid=M3wxMjA3fDB8MHxzZWFyY2h8NTR8fGhvYmJpZXN8ZW58MHx8MHx8fDA%3D&auto=format&fit=crop&w=800&q=60'),
    (6,'https://images.unsplash.com/photo-1609866138210-84bb689f3c61?ixlib=rb-4.0.3&ixid=M3wxMjA3fDB8MHxzZWFyY2h8MTAwfHxob2JiaWVzfGVufDB8fDB8fHww&auto=format&fit=crop&w=800&q=60'),
    (6,'https://images.unsplash.com/photo-1616061098842-e5b18be81f5a?ixlib=rb-4.0.3&ixid=M3wxMjA3fDB8MHxzZWFyY2h8MjA5fHxob2JiaWVzfGVufDB8fDB8fHww&auto=format&fit=crop&w=800&q=60'),
    (6,'https://images.unsplash.com/photo-1506880018603-83d5b814b5a6?ixlib=rb-4.0.3&ixid=M3wxMjA3fDB8MHxzZWFyY2h8Mnx8cmVhZGluZ3xlbnwwfHwwfHx8MA%3D%3D&auto=format&fit=crop&w=1400&q=60'),
    (7,'https://plus.unsplash.com/premium_photo-1661715168108-026d440c1661?ixlib=rb-4.0.3&ixid=M3wxMjA3fDB8MHxzZWFyY2h8N3x8aG9iYmllc3xlbnwwfHwwfHx8MA%3D%3D&auto=format&fit=crop&w=800&q=60'),
    (7,'https://images.unsplash.com/photo-1644139932366-49e51e234333?ixlib=rb-4.0.3&ixid=M3wxMjA3fDB8MHxzZWFyY2h8MTgzfHxob2JiaWVzfGVufDB8fDB8fHww&auto=format&fit=crop&w=800&q=60'),
    (7,'https://images.unsplash.com/photo-1499415479124-43c32433a620?ixlib=rb-4.0.3&ixid=M3wxMjA3fDB8MHxjb2xsZWN0aW9uLXBhZ2V8OXw0NTMzNjM4fHxlbnwwfHx8fHw%3D&auto=format&fit=crop&w=1400&q=60'),
    (7,'https://images.unsplash.com/photo-1470225620780-dba8ba36b745?ixlib=rb-4.0.3&ixid=M3wxMjA3fDB8MHxzZWFyY2h8Mnx8bXVzaWN8ZW58MHx8MHx8fDA%3D&auto=format&fit=crop&w=1400&q=60'),
    (7,'https://plus.unsplash.com/premium_photo-1664699106229-1bc773380c35?ixlib=rb-4.0.3&ixid=M3wxMjA3fDB8MHxzZWFyY2h8N3x8bXVzaWN8ZW58MHx8MHx8fDA%3D&auto=format&fit=crop&w=1400&q=60'),
    (7,'https://plus.unsplash.com/premium_photo-1683140707316-42df87760f3f?ixlib=rb-4.0.3&ixid=M3wxMjA3fDB8MHxzZWFyY2h8MTN8fG11c2ljfGVufDB8fDB8fHww&auto=format&fit=crop&w=1400&q=60'),
    (7,'https://plus.unsplash.com/premium_photo-1664302427357-40eb7c8fd3c0?ixlib=rb-4.0.3&ixid=M3wxMjA3fDB8MHxzZWFyY2h8MTl8fG11c2ljfGVufDB8fDB8fHww&auto=format&fit=crop&w=1400&q=60'),
    (7,'https://images.unsplash.com/photo-1525362081669-2b476bb628c3?ixlib=rb-4.0.3&ixid=M3wxMjA3fDB8MHxzZWFyY2h8MjJ8fG11c2ljfGVufDB8fDB8fHww&auto=format&fit=crop&w=1400&q=60'),
    (8,'https://images.unsplash.com/photo-1596364725424-7673f05f64b1?ixlib=rb-4.0.3&ixid=M3wxMjA3fDB8MHxzZWFyY2h8MTF8fGhvYmJpZXN8ZW58MHx8MHx8fDA%3D&auto=format&fit=crop&w=800&q=60'),
    (8,'https://images.unsplash.com/photo-1607163365634-c515d0337980?ixlib=rb-4.0.3&ixid=M3wxMjA3fDB8MHxzZWFyY2h8ODR8fGhvYmJpZXN8ZW58MHx8MHx8fDA%3D&auto=format&fit=crop&w=800&q=60'),
    (8,'https://images.unsplash.com/photo-1628857623660-de77c0492633?ixlib=rb-4.0.3&ixid=M3wxMjA3fDB8MHxzZWFyY2h8MTQzfHxob2JiaWVzfGVufDB8fDB8fHww&auto=format&fit=crop&w=800&q=60'),
    (8,'https://images.unsplash.com/photo-1585927472584-de04076a3e3f?ixlib=rb-4.0.3&ixid=M3wxMjA3fDB8MHxzZWFyY2h8MTUzfHxob2JiaWVzfGVufDB8fDB8fHww&auto=format&fit=crop&w=800&q=60'),
    (8,'https://plus.unsplash.com/premium_photo-1683138624153-6048b62b9f42?ixlib=rb-4.0.3&ixid=M3wxMjA3fDB8MHxzZWFyY2h8MjQxfHxob2JiaWVzfGVufDB8fDB8fHww&auto=format&fit=crop&w=800&q=60'),
    (8,'https://images.unsplash.com/photo-1570386230314-9fe8204c6f80?ixlib=rb-4.0.3&ixid=M3wxMjA3fDB8MHxzZWFyY2h8MjQyfHxob2JiaWVzfGVufDB8fDB8fHww&auto=format&fit=crop&w=800&q=60'),
    (8,'https://images.unsplash.com/photo-1612122084296-a291d20b0f09?ixlib=rb-4.0.3&ixid=M3wxMjA3fDB8MHxzZWFyY2h8Mjc2fHxob2JiaWVzfGVufDB8fDB8fHww&auto=format&fit=crop&w=800&q=60'),
    (8,'https://images.unsplash.com/photo-1523810192022-5a0fb9aa7ff8?ixlib=rb-4.0.3&ixid=M3wxMjA3fDB8MHxzZWFyY2h8OXx8cGxhbnRpbmd8ZW58MHx8MHx8fDA%3D&auto=format&fit=crop&w=1400&q=60'),
    (9,'https://images.unsplash.com/photo-1516641463285-bf3f40e65bae?ixlib=rb-4.0.3&ixid=M3wxMjA3fDB8MHxzZWFyY2h8MTQ0fHxob2JiaWVzfGVufDB8fDB8fHww&auto=format&fit=crop&w=800&q=60'),
    (9,'https://images.unsplash.com/photo-1600059159993-a1746cd74f9e?ixlib=rb-4.0.3&ixid=M3wxMjA3fDB8MHxzZWFyY2h8MTUwfHxob2JiaWVzfGVufDB8fDB8fHww&auto=format&fit=crop&w=800&q=60'),
    (9,'https://images.unsplash.com/photo-1597687840149-303577f78b1f?ixlib=rb-4.0.3&ixid=M3wxMjA3fDB8MHxzZWFyY2h8MTU0fHxob2JiaWVzfGVufDB8fDB8fHww&auto=format&fit=crop&w=800&q=60'),
    (9,'https://images.unsplash.com/photo-1509718054947-d34a24c89d7d?ixlib=rb-4.0.3&ixid=M3wxMjA3fDB8MHxzZWFyY2h8MTU1fHxob2JiaWVzfGVufDB8fDB8fHww&auto=format&fit=crop&w=800&q=60'),
    (9,'https://images.unsplash.com/photo-1520514964473-f9f09627acc8?ixlib=rb-4.0.3&ixid=M3wxMjA3fDB8MHxzZWFyY2h8MTY3fHxob2JiaWVzfGVufDB8fDB8fHww&auto=format&fit=crop&w=800&q=60'),
    (9,'https://images.unsplash.com/photo-1587992849558-e72bb76fdd59?ixlib=rb-4.0.3&ixid=M3wxMjA3fDB8MHxzZWFyY2h8MTY0fHxob2JiaWVzfGVufDB8fDB8fHww&auto=format&fit=crop&w=800&q=60'),
    (9,'https://images.unsplash.com/photo-1638339791880-0dd181f4e011?ixlib=rb-4.0.3&ixid=M3wxMjA3fDB8MHxzZWFyY2h8MTgwfHxob2JiaWVzfGVufDB8fDB8fHww&auto=format&fit=crop&w=800&q=60'),
    (9,'https://images.unsplash.com/photo-1610380859995-753de36e824d?ixlib=rb-4.0.3&ixid=M3wxMjA3fDB8MHxzZWFyY2h8MTgyfHxob2JiaWVzfGVufDB8fDB8fHww&auto=format&fit=crop&w=800&q=60'),
    (10,'https://plus.unsplash.com/premium_photo-1663858367001-89e5c92d1e0e?ixlib=rb-4.0.3&ixid=M3wxMjA3fDB8MHxzZWFyY2h8MXx8Zm9vZHxlbnwwfHwwfHx8MA%3D%3D&auto=format&fit=crop&w=800&q=60'),
    (10,'https://images.unsplash.com/photo-1581579439002-e29ac578f8d4?ixlib=rb-4.0.3&ixid=M3wxMjA3fDB8MHxwaG90by1yZWxhdGVkfDN8fHxlbnwwfHx8fHw%3D&auto=format&fit=crop&w=700&q=60'),
    (10,'https://images.unsplash.com/photo-1505576399279-565b52d4ac71?ixlib=rb-4.0.3&ixid=M3wxMjA3fDB8MHxwaG90by1yZWxhdGVkfDEwfHx8ZW58MHx8fHx8&auto=format&fit=crop&w=700&q=60'),
    (10,'https://images.unsplash.com/photo-1528712306091-ed0763094c98?ixlib=rb-4.0.3&ixid=M3wxMjA3fDB8MHxwaG90by1yZWxhdGVkfDl8fHxlbnwwfHx8fHw%3D&auto=format&fit=crop&w=700&q=60'),
    (10,'https://images.unsplash.com/photo-1466637574441-749b8f19452f?ixlib=rb-4.0.3&ixid=M3wxMjA3fDB8MHxwaG90by1yZWxhdGVkfDE1fHx8ZW58MHx8fHx8&auto=format&fit=crop&w=700&q=60'),
    (10,'https://images.unsplash.com/photo-1543738066-5edfab962f10?ixlib=rb-4.0.3&ixid=M3wxMjA3fDB8MHxjb2xsZWN0aW9uLXBhZ2V8MXw0NTMzNjM4fHxlbnwwfHx8fHw%3D&auto=format&fit=crop&w=1400&q=60'),
    (10,'https://images.unsplash.com/photo-1549407978-5b995866b1e0?ixlib=rb-4.0.3&ixid=M3wxMjA3fDB8MHxjb2xsZWN0aW9uLXBhZ2V8Mnw0NTMzNjM4fHxlbnwwfHx8fHw%3D&auto=format&fit=crop&w=1400&q=60'),
    (10,'https://images.unsplash.com/photo-1541518763669-27fef04b14ea?ixlib=rb-4.0.3&ixid=M3wxMjA3fDB8MHxjb2xsZWN0aW9uLXBhZ2V8M3w0NTMzNjM4fHxlbnwwfHx8fHw%3D&auto=format&fit=crop&w=1400&q=60'),
    (11,'https://plus.unsplash.com/premium_photo-1682001193548-9f70207a0acf?ixlib=rb-4.0.3&ixid=M3wxMjA3fDB8MHxzZWFyY2h8MTN8fGtuaXR0aW5nfGVufDB8fDB8fHww&auto=format&fit=crop&w=1400&q=60'),
    (11,'https://images.unsplash.com/photo-1541944743827-e04aa6427c33?ixlib=rb-4.0.3&ixid=M3wxMjA3fDB8MHxzZWFyY2h8NHx8a25pdHRpbmd8ZW58MHx8MHx8fDA%3D&auto=format&fit=crop&w=1400&q=60'),
    (11,'https://images.unsplash.com/photo-1557303696-f0a415dc1b3e?ixlib=rb-4.0.3&ixid=M3wxMjA3fDB8MHxzZWFyY2h8NXx8a25pdHRpbmd8ZW58MHx8MHx8fDA%3D&auto=format&fit=crop&w=1400&q=60'),
    (11,'https://images.unsplash.com/photo-1544967919-44c1ef2f9e7a?ixlib=rb-4.0.3&ixid=M3wxMjA3fDB8MHxzZWFyY2h8Nnx8a25pdHRpbmd8ZW58MHx8MHx8fDA%3D&auto=format&fit=crop&w=1400&q=60'),
    (11,'https://plus.unsplash.com/premium_photo-1681506547540-4314de393cf0?ixlib=rb-4.0.3&ixid=M3wxMjA3fDB8MHxzZWFyY2h8N3x8a25pdHRpbmd8ZW58MHx8MHx8fDA%3D&auto=format&fit=crop&w=1400&q=60'),
    (11,'https://images.unsplash.com/photo-1550376026-7375b92bb318?ixlib=rb-4.0.3&ixid=M3wxMjA3fDB8MHxzZWFyY2h8OHx8a25pdHRpbmd8ZW58MHx8MHx8fDA%3D&auto=format&fit=crop&w=1400&q=60'),
    (11,'https://images.unsplash.com/photo-1562469162-c17fc5155156?ixlib=rb-4.0.3&ixid=M3wxMjA3fDB8MHxzZWFyY2h8MTB8fGtuaXR0aW5nfGVufDB8fDB8fHww&auto=format&fit=crop&w=1400&q=60'),
    (11,'https://images.unsplash.com/photo-1615310748170-29d7088865ad?ixlib=rb-4.0.3&ixid=M3wxMjA3fDB8MHxzZWFyY2h8MTF8fGtuaXR0aW5nfGVufDB8fDB8fHww&auto=format&fit=crop&w=1400&q=60'),
    (12,'https://images.unsplash.com/photo-1592492135673-55966d3b541a?ixlib=rb-4.0.3&ixid=M3wxMjA3fDB8MHxzZWFyY2h8MTQwfHxob2JiaWVzfGVufDB8fDB8fHww&auto=format&fit=crop&w=800&q=60'),
    (12,'https://images.unsplash.com/photo-1593794854593-6fd68aec84d0?ixlib=rb-4.0.3&ixid=M3wxMjA3fDB8MHxzZWFyY2h8MTUyfHxob2JiaWVzfGVufDB8fDB8fHww&auto=format&fit=crop&w=800&q=60'),
    (12,'https://images.unsplash.com/photo-1611784464892-7417c5fbb887?ixlib=rb-4.0.3&ixid=M3wxMjA3fDB8MHxzZWFyY2h8MTcwfHxob2JiaWVzfGVufDB8fDB8fHww&auto=format&fit=crop&w=800&q=60'),
    (12,'https://images.unsplash.com/photo-1589996448663-60bd2d7bbf52?ixlib=rb-4.0.3&ixid=M3wxMjA3fDB8MHxzZWFyY2h8MjAzfHxob2JiaWVzfGVufDB8fDB8fHww&auto=format&fit=crop&w=800&q=60'),
    (12,'https://plus.unsplash.com/premium_photo-1681493364543-f2b9c9e46d4e?ixlib=rb-4.0.3&ixid=M3wxMjA3fDB8MHxzZWFyY2h8MjUzfHxob2JiaWVzfGVufDB8fDB8fHww&auto=format&fit=crop&w=800&q=60'),
    (12,'https://images.unsplash.com/photo-1591460296230-74ceaf2e1e9b?ixlib=rb-4.0.3&ixid=M3wxMjA3fDB8MHxzZWFyY2h8MjUxfHxob2JiaWVzfGVufDB8fDB8fHww&auto=format&fit=crop&w=800&q=60'),
    (12,'https://images.unsplash.com/photo-1608824405596-3d6efd6a9c4a?ixlib=rb-4.0.3&ixid=M3wxMjA3fDB8MHxzZWFyY2h8MjU2fHxob2JiaWVzfGVufDB8fDB8fHww&auto=format&fit=crop&w=800&q=60'),
    (12,'https://plus.unsplash.com/premium_photo-1681494711931-8efcb94ce9a0?ixlib=rb-4.0.3&ixid=M3wxMjA3fDB8MHxzZWFyY2h8MjY1fHxob2JiaWVzfGVufDB8fDB8fHww&auto=format&fit=crop&w=800&q=60'),
    (13,'https://images.unsplash.com/photo-1585521607120-182732851afe?ixlib=rb-4.0.3&ixid=M3wxMjA3fDB8MHxzZWFyY2h8MTU2fHxob2JiaWVzfGVufDB8fDB8fHww&auto=format&fit=crop&w=800&q=60'),
    (13,'https://images.unsplash.com/photo-1581832097375-e95cc1fcb3d9?ixlib=rb-4.0.3&ixid=M3wxMjA3fDB8MHxzZWFyY2h8MTg0fHxob2JiaWVzfGVufDB8fDB8fHww&auto=format&fit=crop&w=800&q=60'),
    (13,'https://images.unsplash.com/photo-1586296935370-dd9a550cf674?ixlib=rb-4.0.3&ixid=M3wxMjA3fDB8MHxzZWFyY2h8MTk2fHxob2JiaWVzfGVufDB8fDB8fHww&auto=format&fit=crop&w=800&q=60'),
    (13,'https://images.unsplash.com/photo-1554355607-27bb1b3e19b3?ixlib=rb-4.0.3&ixid=M3wxMjA3fDB8MHxzZWFyY2h8MjY5fHxob2JiaWVzfGVufDB8fDB8fHww&auto=format&fit=crop&w=800&q=60'),
    (13,'https://images.unsplash.com/photo-1611321247536-30a0762dbf2e?ixlib=rb-4.0.3&ixid=M3wxMjA3fDB8MHxzZWFyY2h8Mjg4fHxob2JiaWVzfGVufDB8fDB8fHww&auto=format&fit=crop&w=800&q=60'),
    (13,'https://images.unsplash.com/photo-1652635915589-e9f7e501e9fb?ixlib=rb-4.0.3&ixid=M3wxMjA3fDB8MHxzZWFyY2h8Mjk5fHxob2JiaWVzfGVufDB8fDB8fHww&auto=format&fit=crop&w=800&q=60'),
    (13,'https://images.unsplash.com/photo-1598024055266-e772a5f8c128?ixlib=rb-4.0.3&ixid=M3wxMjA3fDB8MHxzZWFyY2h8M3x8cmVhZGluZ3xlbnwwfHwwfHx8MA%3D%3D&auto=format&fit=crop&w=1400&q=60'),
    (13,'https://images.unsplash.com/photo-1513475382585-d06e58bcb0e0?ixlib=rb-4.0.3&ixid=M3wxMjA3fDB8MHxzZWFyY2h8NHx8cmVhZGluZ3xlbnwwfHwwfHx8MA%3D%3D&auto=format&fit=crop&w=1400&q=60'),
    (14,'https://plus.unsplash.com/premium_photo-1682614337066-4b0d8e21d6e9?ixlib=rb-4.0.3&ixid=M3wxMjA3fDB8MHxzZWFyY2h8NDN8fG11c2ljfGVufDB8fDB8fHww&auto=format&fit=crop&w=1400&q=60'),
    (14,'https://images.unsplash.com/photo-1514525253161-7a46d19cd819?ixlib=rb-4.0.3&ixid=M3wxMjA3fDB8MHxzZWFyY2h8NDV8fG11c2ljfGVufDB8fDB8fHww&auto=format&fit=crop&w=1400&q=60'),
    (14,'https://images.unsplash.com/photo-1429962714451-bb934ecdc4ec?ixlib=rb-4.0.3&ixid=M3wxMjA3fDB8MHxzZWFyY2h8NDh8fG11c2ljfGVufDB8fDB8fHww&auto=format&fit=crop&w=1400&q=60'),
    (14,'https://plus.unsplash.com/premium_photo-1682614327018-1fc0a10536d3?auto=format&fit=crop&q=80&w=2487&ixlib=rb-4.0.3&ixid=M3wxMjA3fDB8MHxwaG90by1wYWdlfHx8fGVufDB8fHx8fA%3D%3D'),
    (14,'https://images.unsplash.com/photo-1598488035139-bdbb2231ce04?ixlib=rb-4.0.3&ixid=M3wxMjA3fDB8MHxzZWFyY2h8NTF8fG11c2ljfGVufDB8fDB8fHww&auto=format&fit=crop&w=1400&q=60'),
    (14,'https://images.unsplash.com/photo-1507676184212-d03ab07a01bf?ixlib=rb-4.0.3&ixid=M3wxMjA3fDB8MHxzZWFyY2h8NTR8fG11c2ljfGVufDB8fDB8fHww&auto=format&fit=crop&w=1400&q=60'),
    (14,'https://plus.unsplash.com/premium_photo-1681182425863-b44293a645d2?ixlib=rb-4.0.3&ixid=M3wxMjA3fDB8MHxzZWFyY2h8NTV8fG11c2ljfGVufDB8fDB8fHww&auto=format&fit=crop&w=1400&q=60'),
    (14,'https://images.unsplash.com/photo-1556379118-7034d926d258?ixlib=rb-4.0.3&ixid=M3wxMjA3fDB8MHxzZWFyY2h8Mnx8aW5zdHJ1bWVudHN8ZW58MHx8MHx8fDA%3D&auto=format&fit=crop&w=800&q=60'),
    (15,'https://plus.unsplash.com/premium_photo-1683134363290-d12da7693f5d?ixlib=rb-4.0.3&ixid=M3wxMjA3fDB8MHxzZWFyY2h8MTk5fHxob2JiaWVzfGVufDB8fDB8fHww&auto=format&fit=crop&w=800&q=60'),
    (15,'https://images.unsplash.com/photo-1603421959777-cd88d8db3afd?ixlib=rb-4.0.3&ixid=M3wxMjA3fDB8MHxzZWFyY2h8MjA4fHxob2JiaWVzfGVufDB8fDB8fHww&auto=format&fit=crop&w=800&q=60'),
    (15,'https://plus.unsplash.com/premium_photo-1683121402049-89020fd30337?ixlib=rb-4.0.3&ixid=M3wxMjA3fDB8MHxzZWFyY2h8MjE3fHxob2JiaWVzfGVufDB8fDB8fHww&auto=format&fit=crop&w=800&q=60'),
    (15,'https://plus.unsplash.com/premium_photo-1683134366142-c4b46be02923?ixlib=rb-4.0.3&ixid=M3wxMjA3fDB8MHxzZWFyY2h8MjIzfHxob2JiaWVzfGVufDB8fDB8fHww&auto=format&fit=crop&w=800&q=60'),
    (15,'https://images.unsplash.com/photo-1600852342169-a4b83ab657f2?ixlib=rb-4.0.3&ixid=M3wxMjA3fDB8MHxzZWFyY2h8MjgyfHxob2JiaWVzfGVufDB8fDB8fHww&auto=format&fit=crop&w=800&q=60'),
    (15,'https://images.unsplash.com/photo-1537877853655-34bdcda5e833?ixlib=rb-4.0.3&ixid=M3wxMjA3fDB8MHxzZWFyY2h8Mjg0fHxob2JiaWVzfGVufDB8fDB8fHww&auto=format&fit=crop&w=800&q=60'),
    (15,'https://plus.unsplash.com/premium_photo-1679505143913-db5835000e16?ixlib=rb-4.0.3&ixid=M3wxMjA3fDB8MHxzZWFyY2h8MXx8cGxhbnRpbmd8ZW58MHx8MHx8fDA%3D&auto=format&fit=crop&w=1400&q=60'),
    (15,'https://images.unsplash.com/photo-1622383563227-04401ab4e5ea?ixlib=rb-4.0.3&ixid=M3wxMjA3fDB8MHxzZWFyY2h8Mnx8cGxhbnRpbmd8ZW58MHx8MHx8fDA%3D&auto=format&fit=crop&w=1400&q=60'),
    (16,'https://images.unsplash.com/photo-1591664811881-69c19c01b37f?ixlib=rb-4.0.3&ixid=M3wxMjA3fDB8MHxzZWFyY2h8MjQwfHxob2JiaWVzfGVufDB8fDB8fHww&auto=format&fit=crop&w=800&q=60'),
    (16,'https://images.unsplash.com/photo-1586508740012-4d51359bfdd7?ixlib=rb-4.0.3&ixid=M3wxMjA3fDB8MHxzZWFyY2h8MjQ0fHxob2JiaWVzfGVufDB8fDB8fHww&auto=format&fit=crop&w=800&q=60'),
    (16,'https://images.unsplash.com/photo-1508496769791-496bff0db1ee?ixlib=rb-4.0.3&ixid=M3wxMjA3fDB8MHxzZWFyY2h8MjUwfHxob2JiaWVzfGVufDB8fDB8fHww&auto=format&fit=crop&w=800&q=60'),
    (16,'https://images.unsplash.com/photo-1418118253275-8faee2d8e6a8?ixlib=rb-4.0.3&ixid=M3wxMjA3fDB8MHxzZWFyY2h8MjQ2fHxob2JiaWVzfGVufDB8fDB8fHww&auto=format&fit=crop&w=800&q=60'),
    (16,'https://images.unsplash.com/photo-1597642213999-0002469262ab?ixlib=rb-4.0.3&ixid=M3wxMjA3fDB8MHxzZWFyY2h8MjU0fHxob2JiaWVzfGVufDB8fDB8fHww&auto=format&fit=crop&w=800&q=60'),
    (16,'https://images.unsplash.com/photo-1672506107255-0694e110f27b?ixlib=rb-4.0.3&ixid=M3wxMjA3fDB8MHxzZWFyY2h8MzAzfHxob2JiaWVzfGVufDB8fDB8fHww&auto=format&fit=crop&w=800&q=60'),
    (16,'https://images.unsplash.com/photo-1565849904461-04a58ad377e0?ixlib=rb-4.0.3&ixid=M3wxMjA3fDB8MHxzZWFyY2h8NHx8cGhvdG9ncnBhaHl8ZW58MHx8MHx8fDA%3D&auto=format&fit=crop&w=1400&q=60'),
    (16,'https://images.unsplash.com/photo-1605606315006-c4e5324990ac?ixlib=rb-4.0.3&ixid=M3wxMjA3fDB8MHxzZWFyY2h8NXx8cGhvdG9ncnBhaHl8ZW58MHx8MHx8fDA%3D&auto=format&fit=crop&w=1400&q=60'),
    (17,'https://images.unsplash.com/photo-1586508740036-f26417e87e21?ixlib=rb-4.0.3&ixid=M3wxMjA3fDB8MHxzZWFyY2h8MjQ4fHxob2JiaWVzfGVufDB8fDB8fHww&auto=format&fit=crop&w=800&q=60'),
    (17,'https://images.unsplash.com/photo-1586508442756-8fad0f67b8b1?ixlib=rb-4.0.3&ixid=M3wxMjA3fDB8MHxzZWFyY2h8MjQ5fHxob2JiaWVzfGVufDB8fDB8fHww&auto=format&fit=crop&w=800&q=60'),
    (17,'https://images.unsplash.com/photo-1638190406036-99c0304cfd69?ixlib=rb-4.0.3&ixid=M3wxMjA3fDB8MHxzZWFyY2h8Mjc4fHxob2JiaWVzfGVufDB8fDB8fHww&auto=format&fit=crop&w=800&q=60'),
    (17,'https://images.unsplash.com/photo-1602991495856-933842fab9ad?ixlib=rb-4.0.3&ixid=M3wxMjA3fDB8MHxzZWFyY2h8Mjc5fHxob2JiaWVzfGVufDB8fDB8fHww&auto=format&fit=crop&w=800&q=60'),
    (17,'https://images.unsplash.com/photo-1612052019060-cdc70166e9e3?ixlib=rb-4.0.3&ixid=M3wxMjA3fDB8MHxzZWFyY2h8MjF8fGhvYmJpZXN8ZW58MHx8MHx8fDA%3D&auto=format&fit=crop&w=800&q=60'),
    (17,'https://images.unsplash.com/photo-1564947876383-bf9ea2f9742e?ixlib=rb-4.0.3&ixid=M3wxMjA3fDB8MHxzZWFyY2h8NDF8fGhvYmJpZXN8ZW58MHx8MHx8fDA%3D&auto=format&fit=crop&w=800&q=60'),
    (17,'https://images.unsplash.com/photo-1510925758641-869d353cecc7?ixlib=rb-4.0.3&ixid=M3wxMjA3fDB8MHxzZWFyY2h8Mjh8fHNwb3J0fGVufDB8fDB8fHww&auto=format&fit=crop&w=1400&q=60'),
    (17,'https://images.unsplash.com/photo-1502014822147-1aedfb0676e0?ixlib=rb-4.0.3&ixid=M3wxMjA3fDB8MHxzZWFyY2h8Mjl8fHNwb3J0fGVufDB8fDB8fHww&auto=format&fit=crop&w=1400&q=60'),
    (18,'https://images.unsplash.com/photo-1645067940833-cce157c08064?ixlib=rb-4.0.3&ixid=M3wxMjA3fDB8MHxzZWFyY2h8MjYxfHxob2JiaWVzfGVufDB8fDB8fHww&auto=format&fit=crop&w=800&q=60'),
    (18,'https://images.unsplash.com/photo-1645113456659-884dd5bc86e5?ixlib=rb-4.0.3&ixid=M3wxMjA3fDB8MHxzZWFyY2h8MjcwfHxob2JiaWVzfGVufDB8fDB8fHww&auto=format&fit=crop&w=800&q=60'),
    (18,'https://images.unsplash.com/photo-1651023002752-a1eb27129d2b?ixlib=rb-4.0.3&ixid=M3wxMjA3fDB8MHxzZWFyY2h8Mjg3fHxob2JiaWVzfGVufDB8fDB8fHww&auto=format&fit=crop&w=800&q=60'),
    (18,'https://images.unsplash.com/photo-1532019586544-d45ba0b563a7?ixlib=rb-4.0.3&ixid=M3wxMjA3fDB8MHxzZWFyY2h8Mjk3fHxob2JiaWVzfGVufDB8fDB8fHww&auto=format&fit=crop&w=800&q=60'),
    (18,'https://images.unsplash.com/photo-1624569239444-c23a39eb7e28?ixlib=rb-4.0.3&ixid=M3wxMjA3fDB8MHxzZWFyY2h8MzAyfHxob2JiaWVzfGVufDB8fDB8fHww&auto=format&fit=crop&w=800&q=60'),
    (18,'https://images.unsplash.com/photo-1598815272841-4e85a77e0a67?ixlib=rb-4.0.3&ixid=M3wxMjA3fDB8MHxzZWFyY2h8MTB8fGhvYmJpZXN8ZW58MHx8MHx8fDA%3D&auto=format&fit=crop&w=800&q=60'),
    (18,'https://images.unsplash.com/photo-1607349722440-ed8bdfa91b5b?ixlib=rb-4.0.3&ixid=M3wxMjA3fDB8MHxzZWFyY2h8NDZ8fGhvYmJpZXN8ZW58MHx8MHx8fDA%3D&auto=format&fit=crop&w=800&q=60'),
    (18,'https://plus.unsplash.com/premium_photo-1664303921378-3f29c33ed9d0?ixlib=rb-4.0.3&ixid=M3wxMjA3fDB8MHxzZWFyY2h8NDN8fGhvYmJpZXN8ZW58MHx8MHx8fDA%3D&auto=format&fit=crop&w=800&q=60'),
    (19,'https://plus.unsplash.com/premium_photo-1664298220878-b9c8b3a95aa3?ixlib=rb-4.0.3&ixid=M3wxMjA3fDB8MHxzZWFyY2h8MzF8fGhvYmJpZXN8ZW58MHx8MHx8fDA%3D&auto=format&fit=crop&w=800&q=60'),
    (19,'https://images.unsplash.com/flagged/photo-1558759103-d4d02c7ee13f?ixlib=rb-4.0.3&ixid=M3wxMjA3fDB8MHxzZWFyY2h8MjJ8fGhvYmJpZXN8ZW58MHx8MHx8fDA%3D&auto=format&fit=crop&w=800&q=60'),
    (19,'https://plus.unsplash.com/premium_photo-1661772222311-f7b834b2b5f3?ixlib=rb-4.0.3&ixid=M3wxMjA3fDB8MHxzZWFyY2h8NTV8fGhvYmJpZXN8ZW58MHx8MHx8fDA%3D&auto=format&fit=crop&w=800&q=60'),
    (19,'https://plus.unsplash.com/premium_photo-1681843596320-67c5088c1ac7?ixlib=rb-4.0.3&ixid=M3wxMjA3fDB8MHxzZWFyY2h8Njd8fGhvYmJpZXN8ZW58MHx8MHx8fDA%3D&auto=format&fit=crop&w=800&q=60'),
    (19,'https://plus.unsplash.com/premium_photo-1677146015088-71992ac139af?ixlib=rb-4.0.3&ixid=M3wxMjA3fDB8MHxzZWFyY2h8N3x8c3BvcnR8ZW58MHx8MHx8fDA%3D&auto=format&fit=crop&w=1400&q=60'),
    (19,'https://plus.unsplash.com/premium_photo-1673995611997-b1415658ccbd?ixlib=rb-4.0.3&ixid=M3wxMjA3fDB8MHxzZWFyY2h8MTl8fHNwb3J0fGVufDB8fDB8fHww&auto=format&fit=crop&w=1400&q=60'),
    (19,'https://images.unsplash.com/photo-1515523110800-9415d13b84a8?ixlib=rb-4.0.3&ixid=M3wxMjA3fDB8MHxzZWFyY2h8MjJ8fHNwb3J0fGVufDB8fDB8fHww&auto=format&fit=crop&w=1400&q=60'),
    (19,'https://plus.unsplash.com/premium_photo-1671436823453-68df752b3d36?ixlib=rb-4.0.3&ixid=M3wxMjA3fDB8MHxzZWFyY2h8Mzd8fHNwb3J0fGVufDB8fDB8fHww&auto=format&fit=crop&w=1400&q=60'),
    (20,'https://images.unsplash.com/photo-1464219222984-216ebffaaf85?ixlib=rb-4.0.3&ixid=M3wxMjA3fDB8MHxjb2xsZWN0aW9uLXBhZ2V8MTZ8NDUzMzYzOHx8ZW58MHx8fHx8&auto=format&fit=crop&w=1400&q=60'),
    (20,'https://images.unsplash.com/photo-1536919011766-09449b44af40?ixlib=rb-4.0.3&ixid=M3wxMjA3fDB8MHxjb2xsZWN0aW9uLXBhZ2V8MXwxNDA0ODl8fGVufDB8fHx8fA%3D%3D&auto=format&fit=crop&w=1400&q=60'),
    (20,'https://images.unsplash.com/photo-1536974471655-0466120eff7f?ixlib=rb-4.0.3&ixid=M3wxMjA3fDB8MHxjb2xsZWN0aW9uLXBhZ2V8M3wxNDA0ODl8fGVufDB8fHx8fA%3D%3D&auto=format&fit=crop&w=1400&q=60'),
    (20,'https://images.unsplash.com/photo-1422876036230-cb412ddd7006?ixlib=rb-4.0.3&ixid=M3wxMjA3fDB8MHxjb2xsZWN0aW9uLXBhZ2V8OXwxNDA0ODl8fGVufDB8fHx8fA%3D%3D&auto=format&fit=crop&w=1400&q=60'),
    (20,'https://images.unsplash.com/photo-1459663561442-984db4f334e8?ixlib=rb-4.0.3&ixid=M3wxMjA3fDB8MHxjb2xsZWN0aW9uLXBhZ2V8MTN8MTQwNDg5fHxlbnwwfHx8fHw%3D&auto=format&fit=crop&w=1400&q=60'),
    (20,'https://images.unsplash.com/reserve/tHTHup3YTN6XsLwf43vY_IMG_8003.jpg?ixlib=rb-4.0.3&ixid=M3wxMjA3fDB8MHxjb2xsZWN0aW9uLXBhZ2V8MTR8MTQwNDg5fHxlbnwwfHx8fHw%3D&auto=format&fit=crop&w=1400&q=60'),
    (20,'https://images.unsplash.com/uploads/141281662118106b2f121/ad2f351f?ixlib=rb-4.0.3&ixid=M3wxMjA3fDB8MHxwaG90by1wYWdlfHx8fGVufDB8fHx8fA%3D%3D&auto=format&fit=crop&w=1374&q=80'),
    (20,'https://images.unsplash.com/photo-1520630086303-ccaa3cb0acef?ixlib=rb-4.0.3&ixid=M3wxMjA3fDB8MHxwaG90by1yZWxhdGVkfDd8fHxlbnwwfHx8fHw%3D&auto=format&fit=crop&w=700&q=60'),
    (21,'https://images.unsplash.com/photo-1594350532402-72001d9fe5a0?ixlib=rb-4.0.3&ixid=M3wxMjA3fDB8MHxzZWFyY2h8MjF8fGtuaXR0aW5nfGVufDB8fDB8fHww&auto=format&fit=crop&w=1400&q=60'),
    (21,'https://images.unsplash.com/photo-1613152768223-c17cb6e85bc2?ixlib=rb-4.0.3&ixid=M3wxMjA3fDB8MHxzZWFyY2h8MjJ8fGtuaXR0aW5nfGVufDB8fDB8fHww&auto=format&fit=crop&w=1400&q=60'),
    (21,'https://images.unsplash.com/photo-1600369672890-ac00f1907858?ixlib=rb-4.0.3&ixid=M3wxMjA3fDB8MHxzZWFyY2h8MTd8fGtuaXR0aW5nfGVufDB8fDB8fHww&auto=format&fit=crop&w=1400&q=60'),
    (21,'https://images.unsplash.com/photo-1628723367681-5dc96eb6f1d0?ixlib=rb-4.0.3&ixid=M3wxMjA3fDB8MHxzZWFyY2h8MjR8fGtuaXR0aW5nfGVufDB8fDB8fHww&auto=format&fit=crop&w=1400&q=60'),
    (21,'https://plus.unsplash.com/premium_photo-1663090122620-3944aa672162?ixlib=rb-4.0.3&ixid=M3wxMjA3fDB8MHxzZWFyY2h8MjV8fGtuaXR0aW5nfGVufDB8fDB8fHww&auto=format&fit=crop&w=1400&q=60'),
    (21,'https://images.unsplash.com/photo-1574201635302-388dd92a4c3f?ixlib=rb-4.0.3&ixid=M3wxMjA3fDB8MHxzZWFyY2h8MjZ8fGtuaXR0aW5nfGVufDB8fDB8fHww&auto=format&fit=crop&w=1400&q=60'),
    (21,'https://images.unsplash.com/photo-1627468254279-ea286a3f209c?ixlib=rb-4.0.3&ixid=M3wxMjA3fDB8MHxzZWFyY2h8Mjl8fGtuaXR0aW5nfGVufDB8fDB8fHww&auto=format&fit=crop&w=1400&q=60'),
    (21,'https://plus.unsplash.com/premium_photo-1663100937235-803d0d6b1fda?ixlib=rb-4.0.3&ixid=M3wxMjA3fDB8MHxzZWFyY2h8MzF8fGtuaXR0aW5nfGVufDB8fDB8fHww&auto=format&fit=crop&w=1400&q=60'),
    (22,'https://images.unsplash.com/photo-1461896836934-ffe607ba8211?ixlib=rb-4.0.3&ixid=M3wxMjA3fDB8MHxzZWFyY2h8Mnx8c3BvcnR8ZW58MHx8MHx8fDA%3D&auto=format&fit=crop&w=1400&q=60'),
    (22,'https://images.unsplash.com/photo-1556817411-31ae72fa3ea0?ixlib=rb-4.0.3&ixid=M3wxMjA3fDB8MHxzZWFyY2h8OHx8c3BvcnR8ZW58MHx8MHx8fDA%3D&auto=format&fit=crop&w=1400&q=60'),
    (22,'https://images.unsplash.com/photo-1599058917212-d750089bc07e?ixlib=rb-4.0.3&ixid=M3wxMjA3fDB8MHxzZWFyY2h8OXx8c3BvcnR8ZW58MHx8MHx8fDA%3D&auto=format&fit=crop&w=1400&q=60'),
    (22,'https://images.unsplash.com/photo-1526506118085-60ce8714f8c5?ixlib=rb-4.0.3&ixid=M3wxMjA3fDB8MHxzZWFyY2h8MjB8fHNwb3J0fGVufDB8fDB8fHww&auto=format&fit=crop&w=1400&q=60'),
    (22,'https://images.unsplash.com/photo-1562771379-eafdca7a02f8?ixlib=rb-4.0.3&ixid=M3wxMjA3fDB8MHxzZWFyY2h8Mjd8fHNwb3J0fGVufDB8fDB8fHww&auto=format&fit=crop&w=1400&q=60'),
    (22,'https://images.unsplash.com/photo-1518214598173-1666bc921d66?ixlib=rb-4.0.3&ixid=M3wxMjA3fDB8MHxzZWFyY2h8MzZ8fHNwb3J0fGVufDB8fDB8fHww&auto=format&fit=crop&w=1400&q=60'),
    (22,'https://images.unsplash.com/photo-1607962837359-5e7e89f86776?ixlib=rb-4.0.3&ixid=M3wxMjA3fDB8MHxzZWFyY2h8Mzh8fHNwb3J0fGVufDB8fDB8fHww&auto=format&fit=crop&w=1400&q=60'),
    (22,'https://plus.unsplash.com/premium_photo-1672280783580-4eba2620803b?ixlib=rb-4.0.3&ixid=M3wxMjA3fDB8MHxzZWFyY2h8MXx8Zml0bmVzcyUyMG1hbnxlbnwwfHwwfHx8MA%3D%3D&auto=format&fit=crop&w=1400&q=60'),
    (23,'https://images.unsplash.com/photo-1541534741688-6078c6bfb5c5?ixlib=rb-4.0.3&ixid=M3wxMjA3fDB8MHxzZWFyY2h8NHx8c3BvcnR8ZW58MHx8MHx8fDA%3D&auto=format&fit=crop&w=1400&q=60'),
    (23,'https://images.unsplash.com/photo-1470468969717-61d5d54fd036?ixlib=rb-4.0.3&ixid=M3wxMjA3fDB8MHxzZWFyY2h8Nnx8c3BvcnR8ZW58MHx8MHx8fDA%3D&auto=format&fit=crop&w=1400&q=60'),
    (23,'https://images.unsplash.com/photo-1518611012118-696072aa579a?ixlib=rb-4.0.3&ixid=M3wxMjA3fDB8MHxzZWFyY2h8MTJ8fHNwb3J0fGVufDB8fDB8fHww&auto=format&fit=crop&w=1400&q=60'),
    (23,'https://images.unsplash.com/photo-1448387473223-5c37445527e7?ixlib=rb-4.0.3&ixid=M3wxMjA3fDB8MHxzZWFyY2h8MTV8fHNwb3J0fGVufDB8fDB8fHww&auto=format&fit=crop&w=1400&q=60'),
    (23,'https://images.unsplash.com/photo-1541252260730-0412e8e2108e?ixlib=rb-4.0.3&ixid=M3wxMjA3fDB8MHxzZWFyY2h8MTZ8fHNwb3J0fGVufDB8fDB8fHww&auto=format&fit=crop&w=1400&q=60'),
    (23,'https://images.unsplash.com/photo-1547347298-4074fc3086f0?ixlib=rb-4.0.3&ixid=M3wxMjA3fDB8MHxzZWFyY2h8MjF8fHNwb3J0fGVufDB8fDB8fHww&auto=format&fit=crop&w=1400&q=60'),
    (23,'https://images.unsplash.com/photo-1506126613408-eca07ce68773?ixlib=rb-4.0.3&ixid=M3wxMjA3fDB8MHxzZWFyY2h8MzV8fHNwb3J0fGVufDB8fDB8fHww&auto=format&fit=crop&w=1400&q=60'),
    (23,'https://images.unsplash.com/photo-1538805060514-97d9cc17730c?ixlib=rb-4.0.3&ixid=M3wxMjA3fDB8MHxzZWFyY2h8NDF8fHNwb3J0fGVufDB8fDB8fHww&auto=format&fit=crop&w=1400&q=60'),
    (24,'https://images.unsplash.com/photo-1533107862482-0e6974b06ec4?ixlib=rb-4.0.3&ixid=M3wxMjA3fDB8MHxzZWFyY2h8NXx8c3BvcnR8ZW58MHx8MHx8fDA%3D&auto=format&fit=crop&w=1400&q=60'),
    (24,'https://images.unsplash.com/photo-1444491741275-3747c53c99b4?ixlib=rb-4.0.3&ixid=M3wxMjA3fDB8MHxzZWFyY2h8MTF8fHNwb3J0fGVufDB8fDB8fHww&auto=format&fit=crop&w=1400&q=60'),
    (24,'https://images.unsplash.com/photo-1517649763962-0c623066013b?ixlib=rb-4.0.3&ixid=M3wxMjA3fDB8MHxzZWFyY2h8MTR8fHNwb3J0fGVufDB8fDB8fHww&auto=format&fit=crop&w=1400&q=60'),
    (24,'https://images.unsplash.com/photo-1489730955284-365747312681?ixlib=rb-4.0.3&ixid=M3wxMjA3fDB8MHxzZWFyY2h8Mzl8fHNwb3J0fGVufDB8fDB8fHww&auto=format&fit=crop&w=1400&q=60'),
    (24,'https://images.unsplash.com/photo-1528629297340-d1d466945dc5?ixlib=rb-4.0.3&ixid=M3wxMjA3fDB8MHxzZWFyY2h8Mnx8YmlraW5nfGVufDB8fDB8fHww&auto=format&fit=crop&w=1400&q=60'),
    (24,'https://images.unsplash.com/photo-1519583272095-6433daf26b6e?ixlib=rb-4.0.3&ixid=M3wxMjA3fDB8MHxzZWFyY2h8M3x8YmlraW5nfGVufDB8fDB8fHww&auto=format&fit=crop&w=1400&q=60'),
    (24,'https://images.unsplash.com/photo-1508789454646-bef72439f197?ixlib=rb-4.0.3&ixid=M3wxMjA3fDB8MHxzZWFyY2h8NHx8YmlraW5nfGVufDB8fDB8fHww&auto=format&fit=crop&w=1400&q=60'),
    (24,'https://images.unsplash.com/photo-1575548393466-0df1618ba410?ixlib=rb-4.0.3&ixid=M3wxMjA3fDB8MHxzZWFyY2h8NXx8YmlraW5nfGVufDB8fDB8fHww&auto=format&fit=crop&w=1400&q=60'),
    (25,'https://images.unsplash.com/photo-1530549387789-4c1017266635?ixlib=rb-4.0.3&ixid=M3wxMjA3fDB8MHxzZWFyY2h8MTd8fHNwb3J0fGVufDB8fDB8fHww&auto=format&fit=crop&w=1400&q=60'),
    (25,'https://images.unsplash.com/photo-1560089000-7433a4ebbd64?ixlib=rb-4.0.3&ixid=M3wxMjA3fDB8MHxzZWFyY2h8MzN8fHNwb3J0fGVufDB8fDB8fHww&auto=format&fit=crop&w=1400&q=60'),
    (25,'https://images.unsplash.com/photo-1438029071396-1e831a7fa6d8?ixlib=rb-4.0.3&ixid=M3wxMjA3fDB8MHxzZWFyY2h8Mnx8c3dpbW1pbmd8ZW58MHx8MHx8fDA%3D&auto=format&fit=crop&w=1400&q=60'),
    (25,'https://images.unsplash.com/photo-1600965962361-9035dbfd1c50?ixlib=rb-4.0.3&ixid=M3wxMjA3fDB8MHxzZWFyY2h8MTV8fHN3aW1taW5nfGVufDB8fDB8fHww&auto=format&fit=crop&w=1400&q=60'),
    (25,'https://images.unsplash.com/photo-1622979857654-9363bb0a1243?ixlib=rb-4.0.3&ixid=M3wxMjA3fDB8MHxzZWFyY2h8MTh8fHN3aW1taW5nfGVufDB8fDB8fHww&auto=format&fit=crop&w=1400&q=60'),
    (25,'https://images.unsplash.com/photo-1506322845680-6e3e1a5b1de1?ixlib=rb-4.0.3&ixid=M3wxMjA3fDB8MHxzZWFyY2h8MjJ8fHN3aW1taW5nfGVufDB8fDB8fHww&auto=format&fit=crop&w=1400&q=60'),
    (25,'https://images.unsplash.com/photo-1558617320-e695f0d420de?ixlib=rb-4.0.3&ixid=M3wxMjA3fDB8MHxzZWFyY2h8MjN8fHN3aW1taW5nfGVufDB8fDB8fHww&auto=format&fit=crop&w=1400&q=60'),
    (25,'https://images.unsplash.com/photo-1560090995-01632a28895b?ixlib=rb-4.0.3&ixid=M3wxMjA3fDB8MHxzZWFyY2h8NXx8c3dpbW1pbmd8ZW58MHx8MHx8fDA%3D&auto=format&fit=crop&w=1400&q=60');